{"cameraMode":{"drawMode":0,"name":"Shaded","section":"Shading Mode"},"sceneLighting":true,"audioPlay":false,"sceneViewState":{"m_AlwaysRefresh":false,"showFog":true,"showSkybox":true,"showFlares":true,"showImageEffects":true,"showParticleSystems":true,"showVisualEffectGraphs":true,"m_FxEnabled":true},"in2DMode":false,"pivot":{"x":3.3098487854003908,"y":-90.00001525878906,"z":-0.07888603210449219},"rotation":{"x":-0.7013711929321289,"y":-0.000650850823149085,"z":0.0006250826991163194,"w":-0.7128099203109741},"size":63.60849380493164,"orthographic":false}